<odoo>
	<template id="sodacieve1">
		<t t-name="website.sodachieve1">
  			<t t-call="website.layout">
    			<div id="wrap" class="oe_structure oe_empty">
				      <section class="s_title o_colored_level pb0 pt0 bg-400" data-vcss="001" data-snippet="s_title" data-name="Title" style="">
				        <div class="s_allow_columns container">
				          <h1>
				            <font class="text-o-color-1">
				              <br/>
				              <span>ACHIEVEMENTS AND AWARDS</span>
				            </font>
				          </h1>
				        </div>
				      </section>
				      <section class="s_text_image pt32 o_colored_level pb0" data-snippet="s_image_text" data-name="Image - Text" style="background-image: none;">
				        <div class="container">
				          <div class="row align-items-start">
				            <div class="pt16 pb16 o_colored_level col-lg-2 offset-lg-4">
				              <img src="/web/image/1863-80e6165e/1.png" class="img img-fluid mx-auto" alt="" loading="lazy" data-original-id="1857" data-original-src="/web/image/1857-d2e0f949/1.png" data-mimetype="image/png" data-resize-width="104" data-original-title="" title="" aria-describedby="tooltip722905"/>
				            </div>
				            <div class="pt16 o_colored_level pb0 col-lg-6">
				              <h3>
				                <span style="font-size: 24px; font-weight: bolder;">
				                  <font style="font-size: 24px;" class="text-o-color-1">CII and it’s Ahmedabad YI’s Masoom Programme</font>
				                </span>
				              </h3>
				             <p>
								<span style="font-size: 18px;">CII and it’s Ahmedabad YI’s Masoom Programme launched in 
									Ahmedabad. Masoom is a collaborative programme of YI and childline to 
									prevent the child sexual abuse, Prof. Anandi Patel has trained 800 
									teachers and 100 volunteers, they were organized awareness programme for
									 10000 girls of primary schools. On the Annual day of CII, they awarded 
									Prof. Anandi Patel and Binal Patel for the best efforts.
								</span>
							</p>
				            </div>
				          </div>
				        </div>
				      </section>
				      <section class="s_text_image o_colored_level pb0 pt0" data-snippet="s_image_text" data-name="Image - Text" style="background-image: none;">
				        <div class="container">
				          <div class="row align-items-center">
				            <div class="pt16 pb16 o_colored_level col-lg-2 offset-lg-4">
				              <img src="/web/image/1866-07f14566/2.png" class="img img-fluid mx-auto" alt="" loading="lazy" data-original-id="1864" data-original-src="/web/image/1864-3fc2a7bf/2.png" data-mimetype="image/png" data-resize-width="116"/>
				            </div>
				            <div class="o_colored_level pb0 pt0 col-lg-5">
				              <div class="s_hr text-left pb24 pt16" data-snippet="s_hr" data-name="Separator">
				                <hr class="mx-auto w-100" style="border-top-width: 4px !important; border-top-style: dotted !important;"/>
				              </div>
				              <h3>
				                <span style="font-size: 24px;">
				                  <font style="font-size: 24px; font-weight: bolder;" class="text-o-color-1">Childline Ahmedabad</font>
				                </span>
				              </h3>
				              <p>
				                <span style="font-size: 18px;">
				                	Childline Ahmedabad Awarded by State commission for Child 
									Protection and Ministry of Social Justice and Empowerment, for&amp;nbsp;&amp;nbsp; best 
									performance and best childline in Gujarat state on 28/09/17
								</span>
				              </p>
				            </div>
				          </div>
				        </div>
				      </section>
    			</div>
			</t>
		</t>
	</template>
</odoo>